Name,Coef.,Std. Error,t,Pr(>|t|),Lower 95%,Upper 95%
x1,26904.709537493392,5785.195293728751,4.650613881031562,3.316861315577967e-6,15565.695534123313,38243.72354086347
